username,user id,access hash,group,group id
PHORNSOHAK,761266315,6133996641881266700,For You ðŸ‡°ðŸ‡­,1789761222
,6695562712,1597758463899808079,For You ðŸ‡°ðŸ‡­,1789761222
,5543565568,-3567019960707949981,For You ðŸ‡°ðŸ‡­,1789761222
,5965387727,-4352469424171254297,For You ðŸ‡°ðŸ‡­,1789761222
singFSA,704172095,5572107187125919079,For You ðŸ‡°ðŸ‡­,1789761222
,8158044002,8022206801016746200,For You ðŸ‡°ðŸ‡­,1789761222
,834152105,-5927368590046214665,For You ðŸ‡°ðŸ‡­,1789761222
,1122911467,-4433117569162531936,For You ðŸ‡°ðŸ‡­,1789761222
gechnea,1638843619,-5099507616114438360,For You ðŸ‡°ðŸ‡­,1789761222
,5819057284,8670562911595945710,For You ðŸ‡°ðŸ‡­,1789761222
,6932174981,-2881859925950158701,For You ðŸ‡°ðŸ‡­,1789761222
,5820589617,-8048222520706778210,For You ðŸ‡°ðŸ‡­,1789761222
oroth99,6717875141,-2848655745875449363,For You ðŸ‡°ðŸ‡­,1789761222
,7803138515,5268415113182528883,For You ðŸ‡°ðŸ‡­,1789761222
,5129792689,-6727735610711733847,For You ðŸ‡°ðŸ‡­,1789761222
,5671687162,1980414052215267657,For You ðŸ‡°ðŸ‡­,1789761222
,6415486991,-396597125754636151,For You ðŸ‡°ðŸ‡­,1789761222
,6581939901,-5801256364988421551,For You ðŸ‡°ðŸ‡­,1789761222
mini36mi,7215599210,-1388973655255216555,For You ðŸ‡°ðŸ‡­,1789761222
,1599037617,-3657552006965832485,For You ðŸ‡°ðŸ‡­,1789761222
,5719150299,2623180461202622042,For You ðŸ‡°ðŸ‡­,1789761222
,1314773491,-5762462865722997928,For You ðŸ‡°ðŸ‡­,1789761222
elinna572,5994996643,-6623823314961487735,For You ðŸ‡°ðŸ‡­,1789761222
,6555018411,5258283929192786759,For You ðŸ‡°ðŸ‡­,1789761222
,6771059146,2852321789490997293,For You ðŸ‡°ðŸ‡­,1789761222
,7378613903,6986640149570735004,For You ðŸ‡°ðŸ‡­,1789761222
,7563381280,-8621719357050928690,For You ðŸ‡°ðŸ‡­,1789761222
,5573981311,-7276137680656123206,For You ðŸ‡°ðŸ‡­,1789761222
,7142106605,-3621794193595740475,For You ðŸ‡°ðŸ‡­,1789761222
,7624150938,-8162193815498820556,For You ðŸ‡°ðŸ‡­,1789761222
,680982571,-5980789456552057412,For You ðŸ‡°ðŸ‡­,1789761222
,1632595275,1446162638581856656,For You ðŸ‡°ðŸ‡­,1789761222
boydich123,1769477926,-2409643841767657176,For You ðŸ‡°ðŸ‡­,1789761222
,1840569801,6801275154141314815,For You ðŸ‡°ðŸ‡­,1789761222
,1847740221,-5713888790310744793,For You ðŸ‡°ðŸ‡­,1789761222
SONYAASPOR,1864907472,1688907981398996236,For You ðŸ‡°ðŸ‡­,1789761222
boyly619,1931012837,7922085615767701721,For You ðŸ‡°ðŸ‡­,1789761222
,5105797444,-6755308288019074202,For You ðŸ‡°ðŸ‡­,1789761222
,5586516623,4709309588317081821,For You ðŸ‡°ðŸ‡­,1789761222
,5645504488,-6995188238892775215,For You ðŸ‡°ðŸ‡­,1789761222
physreylin,5653449071,-4242203239422139814,For You ðŸ‡°ðŸ‡­,1789761222
,5816880139,-1577409348658897591,For You ðŸ‡°ðŸ‡­,1789761222
,5828574424,1020860334229932132,For You ðŸ‡°ðŸ‡­,1789761222
,6190114465,6769799316034142797,For You ðŸ‡°ðŸ‡­,1789761222
,6578427175,3812248502299074905,For You ðŸ‡°ðŸ‡­,1789761222
,7002399664,4468249496067271385,For You ðŸ‡°ðŸ‡­,1789761222
,7395749390,-4972325494971078945,For You ðŸ‡°ðŸ‡­,1789761222
Pav_yu_eii,7775719820,5657777075958599310,For You ðŸ‡°ðŸ‡­,1789761222
,8175353276,3127817154853495655,For You ðŸ‡°ðŸ‡­,1789761222
,151917044,-8393029363371869254,For You ðŸ‡°ðŸ‡­,1789761222
